bankAcctID,date,amt
483680,2018-05-01,127.73
662579,2018-05-01,1.48
245092,2018-05-01,151.17
689010,2018-05-01,14.74
441192,2018-05-01,42.36
472182,2018-05-01,150.68
609209,2018-05-01,112.89
607716,2018-05-01,920.7
324718,2018-05-01,253.35
682334,2018-05-01,333.55
693329,2018-05-01,166.01
628514,2018-05-01,29.31
411526,2018-05-01,247.53
690032,2018-05-01,6.02
368344,2018-05-01,216.4
694584,2018-05-01,0.07
683008,2018-05-01,636.15
278749,2018-05-01,1.66
622979,2018-05-01,506
544568,2018-05-01,160.67
725715,2018-05-01,515.41
654223,2018-05-01,137.38
504739,2018-05-01,448.78
652864,2018-05-01,216.48
761397,2018-05-01,727.46
775335,2018-05-01,385.01
595684,2018-05-01,414.65
345385,2018-05-01,0
301565,2018-05-01,256.15
674481,2018-05-01,653.71
278997,2018-05-01,638.83
683617,2018-05-01,76.77
260623,2018-05-01,210.51
659666,2018-05-01,116.54
683299,2018-05-01,0
657826,2018-05-01,81.58
237075,2018-05-01,440.34
610056,2018-05-01,27.95
391815,2018-05-01,175.86
307833,2018-05-01,767.67
607921,2018-05-01,0
772505,2018-05-01,8.13
256598,2018-05-01,26.68
781047,2018-05-01,399.85
744751,2018-05-01,640.25
696762,2018-05-01,218.91
549610,2018-05-01,42.1
731449,2018-05-01,844.62
776425,2018-05-01,0
463118,2018-05-01,436.43
204482,2018-05-01,2.09
339109,2018-05-01,22.43
603727,2018-05-01,17.44
790821,2018-05-01,1311.67
610379,2018-05-01,41.97
700791,2018-05-01,58.86
555155,2018-05-01,56.19
714041,2018-05-01,435.75
719231,2018-05-01,15.01
675600,2018-05-01,1.47
705180,2018-05-01,312.19
719042,2018-05-01,133.74
374832,2018-05-01,91.08
308153,2018-05-01,211.06
783383,2018-05-01,497.64
472506,2018-05-01,71.73
536498,2018-05-01,361.38
247387,2018-05-01,0
300238,2018-05-01,335.9
316048,2018-05-01,693.56
486872,2018-05-01,254.31
321643,2018-05-01,546.9
702331,2018-05-01,459.93
756857,2018-05-01,118.64
487689,2018-05-01,35.98
758334,2018-05-01,94.55
688668,2018-05-01,550.57
548264,2018-05-01,94.17
558652,2018-05-01,212.05
790502,2018-05-01,106.08
402255,2018-05-01,379.74
230875,2018-05-01,96.41
684665,2018-05-01,23.63
535211,2018-05-01,172.95
529202,2018-05-01,81.14
747982,2018-05-01,12.19
394112,2018-05-01,133.26
634330,2018-05-01,0
493561,2018-05-01,84.21
411466,2018-05-01,2.53
372915,2018-05-01,305.03
636766,2018-05-01,462.51
510747,2018-05-01,364.19
534973,2018-05-01,62.99
276846,2018-05-01,49.21
429366,2018-05-01,52.68
587338,2018-05-01,120.41
482284,2018-05-01,134.91
446627,2018-05-01,0
608075,2018-05-01,86.46
548399,2018-05-01,346.1
309417,2018-05-01,2.33
717544,2018-05-01,72.4
480477,2018-05-01,744.96
725801,2018-05-01,161.62
525808,2018-05-01,280.35
238154,2018-05-01,0
318115,2018-05-01,200.76
609037,2018-05-01,152.62
551452,2018-05-01,9.57
313585,2018-05-01,93.25
356345,2018-05-01,193.92
292746,2018-05-01,105.41
660796,2018-05-01,0
776644,2018-05-01,75.42
401487,2018-05-01,342.36
227355,2018-05-01,355.33
287195,2018-05-01,145.73
620315,2018-05-01,239.36
742656,2018-05-01,259.34
476352,2018-05-01,385.31
466358,2018-05-01,401.28
474863,2018-05-01,852.65
568277,2018-05-01,148.45
228954,2018-05-01,186.23
467115,2018-05-01,425.91
722817,2018-05-01,805.79
625891,2018-05-01,31.29
439767,2018-05-01,53.73
584889,2018-05-01,352.34
752604,2018-05-01,81.67
390323,2018-05-01,771.87
703225,2018-05-01,63.94
795953,2018-05-01,161.34
706942,2018-05-01,160.62
403388,2018-05-01,248.5
284576,2018-05-01,269.65
207763,2018-05-01,568.42
637277,2018-05-01,1546.65
506114,2018-05-01,317.54
770906,2018-05-01,468.29
510556,2018-05-01,129.24
563383,2018-05-01,1540.65
387093,2018-05-01,51.09
513561,2018-05-01,468.65
534940,2018-05-01,247.81
244195,2018-05-01,886.27
716098,2018-05-01,86.05
602307,2018-05-01,611.6
478720,2018-05-01,51.02
708733,2018-05-01,266.83
783424,2018-05-01,34.94
247087,2018-05-01,10
202911,2018-05-01,0
693221,2018-05-01,124.49
404549,2018-05-01,0
710521,2018-05-01,246.03
306216,2018-05-01,605.9
370659,2018-05-01,5.33
507656,2018-05-01,268.46
647130,2018-05-01,404.13
445641,2018-05-01,626.88
742389,2018-05-01,61.57
261801,2018-05-01,161.65
514687,2018-05-01,355.94
773133,2018-05-01,117.32
478106,2018-05-01,282.18
718727,2018-05-01,0
348283,2018-05-01,5.28
765806,2018-05-01,0
726965,2018-05-01,440
312020,2018-05-01,44.24
521714,2018-05-01,154.12
744492,2018-05-01,0
245549,2018-05-01,118.87
636678,2018-05-01,156.05
441930,2018-05-01,644.52
636738,2018-05-01,5.44
296297,2018-05-01,225.78
249419,2018-05-01,27.72
695986,2018-05-01,35.54
684039,2018-05-01,129.62
687753,2018-05-01,264.73
530045,2018-05-01,0
480632,2018-05-01,564.61
754112,2018-05-01,460.54
390498,2018-05-01,318.53
379969,2018-05-01,240.75
345504,2018-05-01,23.91
577960,2018-05-01,320.75
395730,2018-05-01,5.74
385719,2018-05-01,494.43
592484,2018-05-01,500
631549,2018-05-01,68.49
515488,2018-05-01,430.42
453097,2018-05-01,241.15
277563,2018-05-01,256.21
313685,2018-05-01,244.01
519077,2018-05-01,285.49
461050,2018-05-01,155.42
635347,2018-05-01,59.02
714274,2018-05-01,24.46
423206,2018-05-01,658.46
597125,2018-05-01,98.9
316443,2018-05-01,46.39
781343,2018-05-01,481.48
618862,2018-05-01,184.12
708067,2018-05-01,26.25
229709,2018-05-01,174.72
487601,2018-05-01,1772.31
676923,2018-05-01,122.71
355716,2018-05-01,70.48
696907,2018-05-01,214.28
598933,2018-05-01,52.65
227584,2018-05-01,455.3
618068,2018-05-01,64.92
439907,2018-05-01,418.68
227988,2018-05-01,308.25
368103,2018-05-01,152.67
643488,2018-05-01,114.87
564731,2018-05-01,475.69
523925,2018-05-01,640.21
728289,2018-05-01,291.69
491980,2018-05-01,17.66
428807,2018-05-01,329.94
734127,2018-05-01,13
581975,2018-05-01,70.33
767828,2018-05-01,318.06
340681,2018-05-01,201.95
609361,2018-05-01,12.35
451643,2018-05-01,539.92
758063,2018-05-01,318.56
208181,2018-05-01,626.09
488721,2018-05-01,17.49
799990,2018-05-01,30.23
456087,2018-05-01,60.68
346967,2018-05-01,98.25
465846,2018-05-01,123.99
368839,2018-05-01,95.33
493780,2018-05-01,256.65
401649,2018-05-01,41.91
738313,2018-05-01,130.5
642239,2018-05-01,295.29
463192,2018-05-01,33.38
563745,2018-05-01,54.43
549026,2018-05-01,325.14
404987,2018-05-01,248.5
565893,2018-05-01,186.04
355404,2018-05-01,41.11
263946,2018-05-01,24.04
548974,2018-05-01,1004.93
661610,2018-05-01,33.26
555012,2018-05-01,235.85
648191,2018-05-01,410.44
721214,2018-05-01,175.22
637961,2018-05-01,168.31
414965,2018-05-01,6.84
203586,2018-05-01,371.66
517781,2018-05-01,706.11
546815,2018-05-01,98.37
658720,2018-05-01,120.54
381492,2018-05-01,608.11
590148,2018-05-01,225.93
617971,2018-05-01,583.2
528866,2018-05-01,202
285590,2018-05-01,84.2
599651,2018-05-01,403.02
747104,2018-05-01,974.89
781164,2018-05-01,129.85
343170,2018-05-01,337.85
469330,2018-05-01,273.46
327600,2018-05-01,278.07
387846,2018-05-01,38.63
529644,2018-05-01,364.92
450977,2018-05-01,108.2
397610,2018-05-01,2.26
555763,2018-05-01,568.23
719096,2018-05-01,269.02
576180,2018-05-01,42.79
793826,2018-05-01,401.53
541066,2018-05-01,217.38
660469,2018-05-01,61.92
517647,2018-05-01,21.95
232911,2018-05-01,5.82
203221,2018-05-01,750.09
321356,2018-05-01,67.1
779867,2018-05-01,284.39
374867,2018-05-01,26.79
327512,2018-05-01,140.33
416475,2018-05-01,468.7
231829,2018-05-01,0
319413,2018-05-01,375.4
653272,2018-05-01,146.55
515235,2018-05-01,789.47
482148,2018-05-01,26.07
448815,2018-05-01,61.23
606777,2018-05-01,55.91
528133,2018-05-01,150.1
468019,2018-05-01,576.1
333690,2018-05-01,277.74
600123,2018-05-01,696.12
721744,2018-05-01,157.17
290612,2018-05-01,109.51
562727,2018-05-01,212.45
293301,2018-05-01,290.99
220923,2018-05-01,81.29
328668,2018-05-01,80.32
621610,2018-05-01,0
653213,2018-05-01,154.53
339495,2018-05-01,165.53
709513,2018-05-01,519.77
695202,2018-05-01,391.17
747370,2018-05-01,320.85
655323,2018-05-01,7.82
431714,2018-05-01,361.58
616401,2018-05-01,140.31
397798,2018-05-01,194.44
401721,2018-05-01,17.48
759854,2018-05-01,143.89
720686,2018-05-01,0
243761,2018-05-01,8.62
603781,2018-05-01,483.63
231389,2018-05-01,379.24
710848,2018-05-01,5.97
488304,2018-05-01,679.98
489189,2018-05-01,780.39
612171,2018-05-01,0
622372,2018-05-01,0
591260,2018-05-01,907.16
318545,2018-05-01,38.56
206985,2018-05-01,1.64
354628,2018-05-01,90.98
587190,2018-05-01,0
764601,2018-05-01,108.74
777450,2018-05-01,150.65
572092,2018-05-01,294.95
636996,2018-05-01,254.48
696510,2018-05-01,49.36
509010,2018-05-01,199.16
727510,2018-05-01,211.12
396018,2018-05-01,502.42
535016,2018-05-01,55.43
630431,2018-05-01,21.35
310452,2018-05-01,10.39
311777,2018-05-01,720.69
494035,2018-05-01,835.47
556547,2018-05-01,50.19
744420,2018-05-01,173.65
342596,2018-05-01,228.66
565647,2018-05-01,655.95
584423,2018-05-01,372.73
311064,2018-05-01,384.52
452273,2018-05-01,315
575618,2018-05-01,326.93
734144,2018-05-01,19.94
761339,2018-05-01,238.86
301478,2018-05-01,144.55
768435,2018-05-01,13.31
296807,2018-05-01,27.76
568661,2018-05-01,1102.51
504652,2018-05-01,297.54
423069,2018-05-01,32.76
430632,2018-05-01,239.32
729537,2018-05-01,17.67
682139,2018-05-01,488.55
322104,2018-05-01,1124.6
309269,2018-05-01,391.96
731322,2018-05-01,41.31
236918,2018-05-01,13.17
699474,2018-05-01,6.13
646168,2018-05-01,282.76
721306,2018-05-01,143.15
715696,2018-05-01,37.64
464324,2018-05-01,271.64
798713,2018-05-01,454.71
579855,2018-05-01,30.38
718751,2018-05-01,76.72
456842,2018-05-01,174.49
339360,2018-05-01,200.24
506817,2018-05-01,320.84
557184,2018-05-01,402.7
385039,2018-05-01,13.51
671722,2018-05-01,113.68
222906,2018-05-01,281.92
662651,2018-05-01,277.2
462425,2018-05-01,54.63
785184,2018-05-01,249.52
330319,2018-05-01,454.59
680022,2018-05-01,398.29
494716,2018-05-01,130.9
326472,2018-05-01,880.15
443156,2018-05-01,210.32
434665,2018-05-01,57.33
205259,2018-05-01,209.38
293064,2018-05-01,171.36
557143,2018-05-01,197.44
797789,2018-05-01,228.27
457664,2018-05-01,41.03
521971,2018-05-01,6.27
454125,2018-05-01,225.04
312108,2018-05-01,10.1
256043,2018-05-01,15.63
531589,2018-05-01,68.68
316052,2018-05-01,30.7
573131,2018-05-01,85.37
319141,2018-05-01,55.58
728197,2018-05-01,406.33
452990,2018-05-01,901.05
345787,2018-05-01,394.42
324888,2018-05-01,408.87
578049,2018-05-01,4.41
589146,2018-05-01,263.34
297451,2018-05-01,0
458813,2018-05-01,61.5
527982,2018-05-01,89.18
408908,2018-05-01,146.67
527210,2018-05-01,398.41
648839,2018-05-01,20.59
689063,2018-05-01,239.94
629680,2018-05-01,226.81
717027,2018-05-01,408.67
565993,2018-05-01,1398.69
708146,2018-05-01,36.93
692094,2018-05-01,68.57
434285,2018-05-01,240.9
759717,2018-05-01,86.59
380713,2018-05-01,0
409985,2018-05-01,40.47
751967,2018-05-01,21.26
585386,2018-05-01,101.06
577019,2018-05-01,52.78
444990,2018-05-01,18.2
742299,2018-05-01,631.14
268002,2018-05-01,212.07
324744,2018-05-01,95.98
359462,2018-05-01,116.42
317439,2018-05-01,11.45
421534,2018-05-01,832.64
484364,2018-05-01,646.25
265377,2018-05-01,26.38
301594,2018-05-01,12.85
467163,2018-05-01,118.34
657301,2018-05-01,216.29
420370,2018-05-01,259
521955,2018-05-01,29.81
332566,2018-05-01,104.02
254427,2018-05-01,208.11
468818,2018-05-01,256.56
673246,2018-05-01,326.37
388328,2018-05-01,210.24
476683,2018-05-01,624.82
392804,2018-05-01,46.86
405115,2018-05-01,204.06
440727,2018-05-01,773.84
579013,2018-05-01,201.36
349007,2018-05-01,80.13
217786,2018-05-01,759.59
301443,2018-05-01,872.46
787019,2018-05-01,49.07
422897,2018-05-01,2.81
654779,2018-05-01,94.21
319450,2018-05-01,487.82
370228,2018-05-01,0
411723,2018-05-01,3.53
730860,2018-05-01,453.22
371002,2018-05-01,43.88
435514,2018-05-01,213.59
481415,2018-05-01,482.27
283178,2018-05-01,32.48
464464,2018-05-01,125.26
218841,2018-05-01,93.98
278747,2018-05-01,15.09
316252,2018-05-01,210.29
732184,2018-05-01,447.05
428099,2018-05-01,392.75
477917,2018-05-01,6.36
708035,2018-05-01,2.17
367506,2018-05-01,269.15
591696,2018-05-01,0
208483,2018-05-01,329.02
615607,2018-05-01,331.72
378362,2018-05-01,379.52
408533,2018-05-01,3.34
715242,2018-05-01,152.97
758259,2018-05-01,610.06
510840,2018-05-01,321.67
793043,2018-05-01,1033.58
247010,2018-05-01,159.68
755491,2018-05-01,360.43
215378,2018-05-01,620.03
341558,2018-05-01,100.02
358650,2018-05-01,195.32
682626,2018-05-01,168.18
494601,2018-05-01,268.1
369508,2018-05-01,161.49
238897,2018-05-01,409.79
584509,2018-05-01,127.7
653914,2018-05-01,384.41
480996,2018-05-01,429.3
752791,2018-05-01,111.37
635532,2018-05-01,309.44
594496,2018-05-01,65.87
611157,2018-05-01,0
771544,2018-05-01,153.04
749467,2018-05-01,141.16
544883,2018-05-01,546.58
304412,2018-05-01,25.26
463130,2018-05-01,64.3
547824,2018-05-01,479.44
665693,2018-05-01,2106.12
602427,2018-05-01,593.3
763527,2018-05-01,131.08
426252,2018-05-01,97.68
266202,2018-05-01,8.43
206076,2018-05-01,315.69
540130,2018-05-01,88.32
321441,2018-05-01,19.82
302872,2018-05-01,52.92
668470,2018-05-01,330.43
286485,2018-05-01,79.4
512654,2018-05-01,0.91
435257,2018-05-01,21.06
798081,2018-05-01,251.34
434460,2018-05-01,202.74
569596,2018-05-01,521.36
426153,2018-05-01,208.07
411143,2018-05-01,37.33
473696,2018-05-01,3165
718560,2018-05-01,22.86
345202,2018-05-01,15.31
437867,2018-05-01,90.5
367011,2018-05-01,139.34
493669,2018-05-01,612.24
317778,2018-05-01,244.5
580195,2018-05-01,202.65
583197,2018-05-01,103.21
652042,2018-05-01,16.5
285610,2018-05-01,596.64
286583,2018-05-01,6.94
305057,2018-05-01,407.14
706966,2018-05-01,138.39
289593,2018-05-01,122.22
418630,2018-05-01,18.59
545257,2018-05-01,184.48
593614,2018-05-01,149.3
752696,2018-05-01,2.56
406089,2018-05-01,272.94
570281,2018-05-01,310.81
267148,2018-05-01,116
778697,2018-05-01,266.34
673338,2018-05-01,1.24
761276,2018-05-01,119.99
284410,2018-05-01,371.42
503466,2018-05-01,2332.02
275028,2018-05-01,321.56
558207,2018-05-01,376.17
441876,2018-05-01,6.53
441448,2018-05-01,337.86
524850,2018-05-01,107.16
298220,2018-05-01,80.28
224568,2018-05-01,232.62
315465,2018-05-01,49.38
552160,2018-05-01,30.89
705064,2018-05-01,244.79
733706,2018-05-01,160.05
291226,2018-05-01,125.8
694464,2018-05-01,59.96
635548,2018-05-01,273.92
361724,2018-05-01,96.04
297075,2018-05-01,862.99
740690,2018-05-01,343.51
204467,2018-05-01,49.76
416970,2018-05-01,917.78
359654,2018-05-01,0
453128,2018-05-01,364.65
440624,2018-05-01,178.44
648545,2018-05-01,817.24
683597,2018-05-01,0
387504,2018-05-01,122.88
409625,2018-05-01,23.75
348812,2018-05-01,741.42
233140,2018-05-01,248.45
744593,2018-05-01,91.65
504898,2018-05-01,87.5
631424,2018-05-01,162.03
735951,2018-05-01,34.42
643004,2018-05-01,368.06
461408,2018-05-01,168.5
417674,2018-05-01,0
777454,2018-05-01,33.24
675467,2018-05-01,91.47
576625,2018-05-01,190.06
379142,2018-05-01,0
694300,2018-05-01,24.23
308232,2018-05-01,50.11
248960,2018-05-01,1034.7
550884,2018-05-01,20.41
708487,2018-05-01,22.55
797183,2018-05-01,108.13
325813,2018-05-01,526.37
293396,2018-05-01,359.36
227014,2018-05-01,161.09
659459,2018-05-01,882.73
540091,2018-05-01,0
566224,2018-05-01,32.82
326222,2018-05-01,392.14
633109,2018-05-01,81.57
210966,2018-05-01,8.49
406747,2018-05-01,378.38
319700,2018-05-01,190.67
444032,2018-05-01,324.52
256864,2018-05-01,0
578553,2018-05-01,29.66
275175,2018-05-01,406.03
627293,2018-05-01,16.73
290045,2018-05-01,76.69
472598,2018-05-01,311.69
791022,2018-05-01,59.58
574116,2018-05-01,101
204002,2018-05-01,491.35
206885,2018-05-01,407.76
729456,2018-05-01,228.9
291278,2018-05-01,196.19
428601,2018-05-01,198
212603,2018-05-01,27.41
768114,2018-05-01,27.18
246924,2018-05-01,101.19
766672,2018-05-01,126.94
555843,2018-05-01,27.6
624955,2018-05-01,352.28
408784,2018-05-01,262.13
257259,2018-05-01,229.04
222265,2018-05-01,196.33
412197,2018-05-01,9.07
686141,2018-05-01,611.77
212054,2018-05-01,298.19
487646,2018-05-01,33.99
724650,2018-05-01,17.81
506433,2018-05-01,14.51
424972,2018-05-01,279.01
446047,2018-05-01,189.99
464835,2018-05-01,162.12
495021,2018-05-01,90
548353,2018-05-01,543.58
302041,2018-05-01,254.94
291279,2018-05-01,737.64
365720,2018-05-01,89.34
490095,2018-05-01,455.22
364662,2018-05-01,717.33
636444,2018-05-01,15.64
715952,2018-05-01,401.33
723379,2018-05-01,20.52
417892,2018-05-01,325.36
430793,2018-05-01,571
515271,2018-05-01,17.74
513377,2018-05-01,162.77
403778,2018-05-01,700.6
318532,2018-05-01,6.63
448570,2018-05-01,0
383252,2018-05-01,211.77
306923,2018-05-01,21.09
209488,2018-05-01,102.68
327240,2018-05-01,197.56
485452,2018-05-01,65.22
323407,2018-05-01,1.26
503401,2018-05-01,0.36
734488,2018-05-01,0
743179,2018-05-01,58.31
625116,2018-05-01,299.32
228140,2018-05-01,278.13
499683,2018-05-01,116.19
285198,2018-05-01,130.88
383586,2018-05-01,20.78
758283,2018-05-01,680.65
685108,2018-05-01,182.39
340708,2018-05-01,442.94
595018,2018-05-01,106.41
451454,2018-05-01,0
236053,2018-05-01,213.44
388596,2018-05-01,10.81
250533,2018-05-01,1195.88
767355,2018-05-01,394.76
458476,2018-05-01,0
547692,2018-05-01,16.97
352968,2018-05-01,538.58
220719,2018-05-01,257.78
608861,2018-05-01,482.7
655455,2018-05-01,422.87
507167,2018-05-01,134.01
251185,2018-05-01,276.26
794856,2018-05-01,122.05
340948,2018-05-01,74.82
662421,2018-05-01,230.66
351438,2018-05-01,73.65
219949,2018-05-01,252.32
425858,2018-05-01,162.61
500768,2018-05-01,110.23
709055,2018-05-01,872.48
456658,2018-05-01,674.67
318527,2018-05-01,682
743791,2018-05-01,92.54
283780,2018-05-01,370
315403,2018-05-01,30.3
398666,2018-05-01,0
625388,2018-05-01,216.3
719576,2018-05-01,812.58
799000,2018-05-01,33.6
793327,2018-05-01,266.79
282849,2018-05-01,135.44
612063,2018-05-01,65.29
555188,2018-05-01,0
655325,2018-05-01,996.79
759049,2018-05-01,551.2
608964,2018-05-01,136.12
600258,2018-05-01,656.61
296566,2018-05-01,76.47
707684,2018-05-01,38.8
207981,2018-05-01,249.52
668548,2018-05-01,88.06
358929,2018-05-01,95.26
476855,2018-05-01,20.18
700372,2018-05-01,168.49
262702,2018-05-01,811.39
553205,2018-05-01,1.7
638194,2018-05-01,11.3
313700,2018-05-01,106.14
466007,2018-05-01,112.32
273199,2018-05-01,57.42
242275,2018-05-01,1268.51
300715,2018-05-01,138.75
249546,2018-05-01,131.7
385246,2018-05-01,218.59
224431,2018-05-01,89.27
422142,2018-05-01,501.23
650818,2018-05-01,348.42
240040,2018-05-01,215.07
353640,2018-05-01,472.97
653153,2018-05-01,0
614456,2018-05-01,485.7
560727,2018-05-01,84.47
532462,2018-05-01,179.58
739583,2018-05-01,271.54
423435,2018-05-01,20.57
533308,2018-05-01,3.98
526583,2018-05-01,7.02
387401,2018-05-01,945.67
315754,2018-05-01,6.14
260634,2018-05-01,266.9
423922,2018-05-01,357.17
588409,2018-05-01,144.24
412903,2018-05-01,69.97
674518,2018-05-01,59.96
743731,2018-05-01,90.43
578841,2018-05-01,407.3
679539,2018-05-01,2.89
452045,2018-05-01,168.3
327447,2018-05-01,21.76
575558,2018-05-01,713.81
769395,2018-05-01,23.5
285711,2018-05-01,210.59
513575,2018-05-01,279.27
315038,2018-05-01,109.62
258528,2018-05-01,102.36
460589,2018-05-01,53.72
451202,2018-05-01,351.18
467174,2018-05-01,154.87
608299,2018-05-01,790.68
605271,2018-05-01,213.79
616519,2018-05-01,60.92
362774,2018-05-01,450.31
236332,2018-05-01,102.39
450085,2018-05-01,150.78
256321,2018-05-01,301.94
331650,2018-05-01,65.3
781280,2018-05-01,538.55
202463,2018-05-01,57.57
748223,2018-05-01,610.77
274297,2018-05-01,156.65
311642,2018-05-01,76.45
441783,2018-05-01,88.84
735116,2018-05-01,430.16
385190,2018-05-01,374.43
568622,2018-05-01,116.53
602638,2018-05-01,1255.21
584942,2018-05-01,152.35
233641,2018-05-01,91.12
383071,2018-05-01,103.49
561015,2018-05-01,0
519005,2018-05-01,183.98
545197,2018-05-01,338.6
283946,2018-05-01,94.53
450232,2018-05-01,46.39
328345,2018-05-01,100.25
520218,2018-05-01,0.4
689311,2018-05-01,287.33
771040,2018-05-01,585.11
796738,2018-05-01,184.79
530716,2018-05-01,29.81
745528,2018-05-01,223.76
314861,2018-05-01,0
273035,2018-05-01,173.79
329382,2018-05-01,94.17
323696,2018-05-01,44.18
283262,2018-05-01,742.74
549976,2018-05-01,95.54
729193,2018-05-01,63.2
250496,2018-05-01,168.17
786402,2018-05-01,112.52
277245,2018-05-01,269.35
580850,2018-05-01,668.83
335313,2018-05-01,122.04
329282,2018-05-01,705.54
574630,2018-05-01,48.36
428282,2018-05-01,34.31
414861,2018-05-01,117.28
776887,2018-05-01,97.79
790102,2018-05-01,291.07
735460,2018-05-01,48.88
388497,2018-05-01,0
569314,2018-05-01,424.69
532207,2018-05-01,109.84
371447,2018-05-01,60.35
714632,2018-05-01,306.97
554458,2018-05-01,1402.27
453867,2018-05-01,169.12
549188,2018-05-01,243.01
430040,2018-05-01,66.73
602554,2018-05-01,253.4
417841,2018-05-01,934.53
453396,2018-05-01,7.08
256847,2018-05-01,117.59
306493,2018-05-01,50.86
431947,2018-05-01,201.2
731105,2018-05-01,35.25
381268,2018-05-01,100.02
229015,2018-05-01,358.89
276356,2018-05-01,122.26
507283,2018-05-01,38.81
340322,2018-05-01,163.62
717460,2018-05-01,53.24
630085,2018-05-01,95.43
365861,2018-05-01,112.52
567108,2018-05-01,119.38
367407,2018-05-01,39.97
641935,2018-05-01,598.61
748440,2018-05-01,720.51
584738,2018-05-01,44.1
399202,2018-05-01,70.06
295702,2018-05-01,179.5
375150,2018-05-01,245.37
299878,2018-05-01,21.59
276318,2018-05-01,286.1
603213,2018-05-01,86.18
715917,2018-05-01,134.7
475438,2018-05-01,148.52
253305,2018-05-01,435.22
609763,2018-05-01,201.06
207908,2018-05-01,27.82
725242,2018-05-01,233.73
547266,2018-05-01,43.98
270437,2018-05-01,424.12
463795,2018-05-01,14.34
561198,2018-05-01,37.47
654690,2018-05-01,1333.29
415404,2018-05-01,110.02
674672,2018-05-01,893.54
249885,2018-05-01,396.17
396950,2018-05-01,46.74
287985,2018-05-01,105.78
346045,2018-05-01,20.99
660222,2018-05-01,0
424033,2018-05-01,726.59
494512,2018-05-01,320.72
474296,2018-05-01,430.1
572088,2018-05-01,1034.23
613351,2018-05-01,65.4
728724,2018-05-01,30.02
489887,2018-05-01,1090.38
717853,2018-05-01,244.42
372405,2018-05-01,7.12
413551,2018-05-01,11.14
521887,2018-05-01,361.34
312955,2018-05-01,252.25
731936,2018-05-01,220.1
505151,2018-05-01,9.3
207073,2018-05-01,405.96
481457,2018-05-01,122.38
357724,2018-05-01,362.54
281816,2018-05-01,77.43
590309,2018-05-01,0
451616,2018-05-01,748.4
707920,2018-05-01,136.23
773173,2018-05-01,136.95
514727,2018-05-01,7.72
751704,2018-05-01,431.71
554873,2018-05-01,476.76
352035,2018-05-01,332.96
292174,2018-05-01,10.25
323818,2018-05-01,0
346892,2018-05-01,34.69
318523,2018-05-01,292.86
591197,2018-05-01,25.71
229528,2018-05-01,689.98
497705,2018-05-01,194.89
342307,2018-05-01,297.92
250139,2018-05-01,297.98
659403,2018-05-01,2.63
601992,2018-05-01,17.89
732711,2018-05-01,0
569644,2018-05-01,174.6
306918,2018-05-01,52.14
317396,2018-05-01,17.6
308886,2018-05-01,706.19
332098,2018-05-01,35.09
692191,2018-05-01,168.78
419161,2018-05-01,150.6
587933,2018-05-01,226.15
311709,2018-05-01,431.85
234591,2018-05-01,514.98
743336,2018-05-01,233.22
451228,2018-05-01,74.37
487282,2018-05-01,65.67
527245,2018-05-01,20.25
770030,2018-05-01,20.35
299916,2018-05-01,15.36
755530,2018-05-01,0
767550,2018-05-01,462.67
610001,2018-05-01,2.56
237225,2018-05-01,304.38
536547,2018-05-01,614.76
656836,2018-05-01,248.72
439511,2018-05-01,141.63
225543,2018-05-01,21.57
316904,2018-05-01,7.38
499905,2018-05-01,0
356999,2018-05-01,286.66
220189,2018-05-01,279.19
629672,2018-05-01,8.65
274070,2018-05-01,74.87
751632,2018-05-01,30.78
623182,2018-05-01,16.25
598652,2018-05-01,18.13
218146,2018-05-01,31.46
361433,2018-05-01,61.26
436596,2018-05-01,873.16
724067,2018-05-01,10.7
416508,2018-05-01,332.52
469650,2018-05-01,197.7
799794,2018-05-01,822.29
459961,2018-05-01,27.35
632632,2018-05-01,11.05
396062,2018-05-01,138.91
799677,2018-05-01,552.14
599959,2018-05-01,237.82
280320,2018-05-01,38.13
239819,2018-05-01,135.5
611676,2018-05-01,3.07
503985,2018-05-01,30.12
505606,2018-05-01,2.44
556940,2018-05-01,36.55
712612,2018-05-01,249.41
754976,2018-05-01,12.63
775044,2018-05-01,858.46
264687,2018-05-01,401.06
574061,2018-05-01,151.79
543493,2018-05-01,45.81
624459,2018-05-01,1.01
737079,2018-05-01,154.98
558250,2018-05-01,0
339811,2018-05-01,24.8
658296,2018-05-01,170.3
411005,2018-05-01,15.75
630527,2018-05-01,0
463441,2018-05-01,77.41
216804,2018-05-01,58.15
250322,2018-05-01,216.25
439817,2018-05-01,66.93
340357,2018-05-01,69.67
554492,2018-05-01,147.2
552649,2018-05-01,147.1
561960,2018-05-01,228.17
327001,2018-05-01,81.95
424060,2018-05-01,115.73
795749,2018-05-01,234.83
434578,2018-05-01,55.98
374676,2018-05-01,248.81
679771,2018-05-01,17.73
391825,2018-05-01,2.62
278227,2018-05-01,29.67
596835,2018-05-01,1.97
332765,2018-05-01,207.54
633834,2018-05-01,18.87
425976,2018-05-01,1510.44
327380,2018-05-01,493.78
275875,2018-05-01,138.24
533062,2018-05-01,499.71
770981,2018-05-01,366.29
308405,2018-05-01,622.38
266947,2018-05-01,93.58
478724,2018-05-01,134.58
250299,2018-05-01,15.9
580511,2018-05-01,51.79
350634,2018-05-01,50.88
267351,2018-05-01,444.26
276746,2018-05-01,89.8
661650,2018-05-01,295.07
488677,2018-05-01,7.91
749277,2018-05-01,11.79
333675,2018-05-01,320.95
472206,2018-05-01,154.46
228653,2018-05-01,169.22
511754,2018-05-01,29.58
493189,2018-05-01,141.35
688018,2018-05-01,153.92
701024,2018-05-01,110.06
641289,2018-05-01,459.07
506877,2018-05-01,270.64
705690,2018-05-01,152.1
296812,2018-05-01,103.83
219533,2018-05-01,1.16
390163,2018-05-01,0
348892,2018-05-01,483.4
282093,2018-05-01,181.53
713325,2018-05-01,254.2
770781,2018-05-01,56.05
305359,2018-05-01,255.78
370103,2018-05-01,278.89
722981,2018-05-01,323.43
734904,2018-05-01,71.21
403190,2018-05-01,279.28
647720,2018-05-01,0
742723,2018-05-01,26.46
329660,2018-05-01,54.59
532881,2018-05-01,173.39
288395,2018-05-01,207.45
228272,2018-05-01,82.63
655855,2018-05-01,29.03
268592,2018-05-01,687.85
331052,2018-05-01,0.12
330747,2018-05-01,15.67
755374,2018-05-01,0
740901,2018-05-01,473.12
558020,2018-05-01,1138.02
368830,2018-05-01,122.88
719727,2018-05-01,163.19
331975,2018-05-01,14.27
744707,2018-05-01,956.83
433139,2018-05-01,74.88
649292,2018-05-01,46.47
614711,2018-05-01,49.03
651071,2018-05-01,41.36
687605,2018-05-01,154.59
412521,2018-05-01,195.7
330766,2018-05-01,312.15
297327,2018-05-01,755.28
646924,2018-05-01,22.7
416745,2018-05-01,19.24
202866,2018-05-01,133.45
253449,2018-05-01,121.76
391911,2018-05-01,8.76
694764,2018-05-01,342.26
457360,2018-05-01,82.47
307277,2018-05-01,8.08
551505,2018-05-01,115.82
352243,2018-05-01,685.53
498731,2018-05-01,120.8
397997,2018-05-01,182.02
465507,2018-05-01,54.7
594179,2018-05-01,369.24
379665,2018-05-01,52.53
533707,2018-05-01,0
480074,2018-05-01,133.44
597182,2018-05-01,56.09
315277,2018-05-01,9.63
705754,2018-05-01,314.96
203626,2018-05-01,130.06
479596,2018-05-01,28.77
308905,2018-05-01,3.89
706896,2018-05-01,373.88
447734,2018-05-01,277.9
616712,2018-05-01,342.4
764841,2018-05-01,56.65
623138,2018-05-01,408.15
528641,2018-05-01,15.03
695636,2018-05-01,239.1
204617,2018-05-01,668.61
238370,2018-05-01,52.58
294172,2018-05-01,498.41
445706,2018-05-01,31.41
678856,2018-05-01,273.2
294688,2018-05-01,0
594287,2018-05-01,488.5
625168,2018-05-01,7.49
264705,2018-05-01,134.88
517410,2018-05-01,529.87
381460,2018-05-01,56.29
236593,2018-05-01,72.81
412246,2018-05-01,1446.59
453334,2018-05-01,592.93
446180,2018-05-01,26.73
570698,2018-05-01,623.81
321838,2018-05-01,268.83
676801,2018-05-01,51.89
502692,2018-05-01,556.11
699390,2018-05-01,325.26
564222,2018-05-01,142.94
317984,2018-05-01,0
668797,2018-05-01,49.92
333951,2018-05-01,611.57
202584,2018-05-01,162.85
214341,2018-05-01,146.78
639778,2018-05-01,10.49
542168,2018-05-01,37.94
393493,2018-05-01,157.06
780840,2018-05-01,277.74
466598,2018-05-01,0
652142,2018-05-01,353.21
207185,2018-05-01,164.46
294387,2018-05-01,592.17
629254,2018-05-01,10.35
309159,2018-05-01,6.93
243228,2018-05-01,183.89
533298,2018-05-01,13.46
360671,2018-05-01,323.08
282749,2018-05-01,24.51
378519,2018-05-01,0
569845,2018-05-01,0.97
203529,2018-05-01,4.41
437536,2018-05-01,318.08
508412,2018-05-01,1042.48
291549,2018-05-01,8.02
287346,2018-05-01,128.33
225207,2018-05-01,63.26
767847,2018-05-01,123.58
207231,2018-05-01,59.32
736115,2018-05-01,32.35
223346,2018-05-01,69.21
553893,2018-05-01,80.37
596919,2018-05-01,153.17
497810,2018-05-01,108.85
510396,2018-05-01,263.37
526841,2018-05-01,69.73
424220,2018-05-01,232.44
769434,2018-05-01,31.77
758030,2018-05-01,37.64
284710,2018-05-01,52.26
352876,2018-05-01,122.12
551617,2018-05-01,144.02
256270,2018-05-01,230.74
443979,2018-05-01,291.39
308511,2018-05-01,145.73
670704,2018-05-01,376.93
472556,2018-05-01,30.68
486404,2018-05-01,0
605054,2018-05-01,876.68
323151,2018-05-01,999.25
323981,2018-05-01,99.15
591822,2018-05-01,17.09
552698,2018-05-01,106.43
595394,2018-05-01,587.16
525361,2018-05-01,62.91
218524,2018-05-01,151.76
286739,2018-05-01,1221.95
538190,2018-05-01,365.85
302058,2018-05-01,274.94
218828,2018-05-01,16.27
671847,2018-05-01,21.83
694180,2018-05-01,20.31
343171,2018-05-01,179.38
653400,2018-05-01,1192.8
790247,2018-05-01,241.2
636201,2018-05-01,886.36
679250,2018-05-01,127.36
488838,2018-05-01,193.64
242637,2018-05-01,212.58
566858,2018-05-01,918.7
526180,2018-05-01,249.51
434479,2018-05-01,109.57
705946,2018-05-01,556.26
248645,2018-05-01,6.03
258553,2018-05-01,21.42
577876,2018-05-01,15.61
487825,2018-05-01,0
301560,2018-05-01,292.87
364877,2018-05-01,473.59
741405,2018-05-01,705.02
612098,2018-05-01,131.55
232229,2018-05-01,56.25
676566,2018-05-01,195.74
232433,2018-05-01,130.31
488420,2018-05-01,67.57
669647,2018-05-01,23.08
487102,2018-05-01,1.52
413395,2018-05-01,28.6
225267,2018-05-01,1.29
754895,2018-05-01,15.27
606578,2018-05-01,546.18
566032,2018-05-01,0
200105,2018-05-01,45.4
641529,2018-05-01,46.07
573451,2018-05-01,655.9
383195,2018-05-01,190.29
715688,2018-05-01,205.32
263841,2018-05-01,163.04
258301,2018-05-01,23.16
636348,2018-05-01,16.04
300688,2018-05-01,400.94
751046,2018-05-01,56.03
604777,2018-05-01,56.21
681188,2018-05-01,126.97
272572,2018-05-01,297.05
487517,2018-05-01,908.54
751949,2018-05-01,165.84
257122,2018-05-01,151.13
354682,2018-05-01,69.28
267012,2018-05-01,91.79
792681,2018-05-01,2.22
345976,2018-05-01,357.77
603993,2018-05-01,23.23
535890,2018-05-01,190.01
396270,2018-05-01,179.84
556251,2018-05-01,8.43
652187,2018-05-01,1748.36
449898,2018-05-01,208.92
662694,2018-05-01,98.34
765441,2018-05-01,876.82
685952,2018-05-01,611.47
356014,2018-05-01,278
515082,2018-05-01,0
201868,2018-05-01,36.58
225376,2018-05-01,767.9
517130,2018-05-01,8.4
764084,2018-05-01,45.03
420512,2018-05-01,690.5
226199,2018-05-01,227.94
709129,2018-05-01,244.15
619027,2018-05-01,62.41
469333,2018-05-01,128.79
403284,2018-05-01,869.8
563770,2018-05-01,221.72
316424,2018-05-01,157.99
539693,2018-05-01,4.14
505160,2018-05-01,128.39
260506,2018-05-01,300.38
679067,2018-05-01,43.06
687548,2018-05-01,898.54
243383,2018-05-01,290.91
351108,2018-05-01,115.6
357422,2018-05-01,9.91
249311,2018-05-01,102.95
578289,2018-05-01,103.38
698723,2018-05-01,145.22
375551,2018-05-01,264.33
242432,2018-05-01,330.37
239954,2018-05-01,258.22
759438,2018-05-01,26.74
770728,2018-05-01,81.04
687536,2018-05-01,294.24
290614,2018-05-01,129.26
210024,2018-05-01,283.75
372945,2018-05-01,44.32
465447,2018-05-01,173.01
769205,2018-05-01,45.15
327257,2018-05-01,387.25
681146,2018-05-01,417.91
408428,2018-05-01,267.7
612190,2018-05-01,1065.44
439940,2018-05-01,332.19
251782,2018-05-01,20.11
667967,2018-05-01,16.91
695525,2018-05-01,18.47
222605,2018-05-01,217.89
429223,2018-05-01,159.66
450382,2018-05-01,86.77
698650,2018-05-01,164.02
688388,2018-05-01,20.33
373954,2018-05-01,675.87
601033,2018-05-01,64.25
222065,2018-05-01,664.66
378985,2018-05-01,40.32
735304,2018-05-01,798.86
440357,2018-05-01,61.89
415274,2018-05-01,67.47
385862,2018-05-01,1.77
421472,2018-05-01,252.08
766086,2018-05-01,176.71
346222,2018-05-01,217.58
390617,2018-05-01,659.02
741163,2018-05-01,510.5
687864,2018-05-01,200.9
753509,2018-05-01,501.65
497234,2018-05-01,92.84
314874,2018-05-01,46.58
783655,2018-05-01,15.13
597832,2018-05-01,10.46
423925,2018-05-01,793.8
640833,2018-05-01,68.11
500475,2018-05-01,182.3
724545,2018-05-01,59.2
354880,2018-05-01,941.08
242592,2018-05-01,246.45
504465,2018-05-01,83.8
341072,2018-05-01,14.6
627404,2018-05-01,1.08
771126,2018-05-01,511.91
521164,2018-05-01,182.7
747893,2018-05-01,368.5
218421,2018-05-01,44.43
583465,2018-05-01,175.55
524052,2018-05-01,0
341302,2018-05-01,564.92
650390,2018-05-01,59.31
590383,2018-05-01,1273.96
496340,2018-05-01,445.28
706002,2018-05-01,114.7
657514,2018-05-01,0.93
546285,2018-05-01,26.05
698214,2018-05-01,194.72
731209,2018-05-01,585.26
750261,2018-05-01,528.15
562055,2018-05-01,65.15
492162,2018-05-01,313.69
267563,2018-05-01,9.62
666314,2018-05-01,25.65
510346,2018-05-01,56.5
212663,2018-05-01,43.62
441175,2018-05-01,7.93
490940,2018-05-01,207.67
580375,2018-05-01,49.18
236339,2018-05-01,109.29
398322,2018-05-01,0
219400,2018-05-01,65.55
656693,2018-05-01,944.49
470826,2018-05-01,47.49
689390,2018-05-01,25.7
533145,2018-05-01,728.39
525520,2018-05-01,18.91
785259,2018-05-01,401.28
398560,2018-05-01,66.36
636900,2018-05-01,0
619604,2018-05-01,522.71
535669,2018-05-01,192.81
785612,2018-05-01,139
488849,2018-05-01,399.64
446718,2018-05-01,661.57
575876,2018-05-01,45.98
615531,2018-05-01,38.41
204959,2018-05-01,227.5
324916,2018-05-01,0
408226,2018-05-01,62.91
332366,2018-05-01,275.11
203375,2018-05-01,265.9
251729,2018-05-01,36.6
394604,2018-05-01,3.58
291515,2018-05-01,320.2
647899,2018-05-01,129.19
393871,2018-05-01,8.45
476414,2018-05-01,1246.12
701647,2018-05-01,302.36
299620,2018-05-01,0
300961,2018-05-01,33.99
585275,2018-05-01,318.7
611927,2018-05-01,98.91
681933,2018-05-01,10.65
460244,2018-05-01,118.02
589494,2018-05-01,43.79
660621,2018-05-01,290.09
381824,2018-05-01,10.19
543583,2018-05-01,46.08
467746,2018-05-01,5.45
494584,2018-05-01,111.48
530286,2018-05-01,607.47
531410,2018-05-01,155.89
499451,2018-05-01,725.16
668730,2018-05-01,89.5
749349,2018-05-01,189.7
255261,2018-05-01,131.64
405152,2018-05-01,4.86
712520,2018-05-01,203.06
389956,2018-05-01,101.04
221954,2018-05-01,188.62
794514,2018-05-01,154.8
704325,2018-05-01,43.06
510109,2018-05-01,0
265174,2018-05-01,583.54
262734,2018-05-01,1755.19
788309,2018-05-01,67.66
732047,2018-05-01,0
721650,2018-05-01,117.41
328904,2018-05-01,304.49
237823,2018-05-01,63
330048,2018-05-01,27.47
413902,2018-05-01,211.22
240628,2018-05-01,1243.48
312921,2018-05-01,107.08
718902,2018-05-01,303.35
495256,2018-05-01,90.66
706873,2018-05-01,595.74
435898,2018-05-01,171.32
703173,2018-05-01,106.81
585648,2018-05-01,204.61
631991,2018-05-01,180.23
547835,2018-05-01,247.52
385519,2018-05-01,834.17
593459,2018-05-01,117.62
339870,2018-05-01,248.77
337273,2018-05-01,2.69
322228,2018-05-01,80.84
324321,2018-05-01,373.3
310872,2018-05-01,715.72
549694,2018-05-01,0
284214,2018-05-01,995.99
678406,2018-05-01,0
441526,2018-05-01,42.81
474587,2018-05-01,167.96
323349,2018-05-01,384.62
253859,2018-05-01,95.8
425109,2018-05-01,163.91
679739,2018-05-01,11.21
793628,2018-05-01,129.34
448632,2018-05-01,148.93
396906,2018-05-01,112.69
314127,2018-05-01,604.64
301180,2018-05-01,79.12
356864,2018-05-01,232.65
249517,2018-05-01,363.79
706165,2018-05-01,348.47
484147,2018-05-01,275.79
423485,2018-05-01,49.53
434701,2018-05-01,86.31
344494,2018-05-01,13.57
443833,2018-05-01,136.99
472569,2018-05-01,105.5
204514,2018-05-01,200.16
239434,2018-05-01,377.61
439930,2018-05-01,65.55
798149,2018-05-01,425.83
207346,2018-05-01,318.98
457626,2018-05-01,37.36
634439,2018-05-01,630.63
216332,2018-05-01,279.6
334818,2018-05-01,191.16
689278,2018-05-01,4.15
555071,2018-05-01,0
644409,2018-05-01,71.44
427583,2018-05-01,302.32
789246,2018-05-01,525.41
715214,2018-05-01,64.08
760446,2018-05-01,75.12
604718,2018-05-01,101.65
645846,2018-05-01,12.22
485523,2018-05-01,296.38
637135,2018-05-01,266.01
760691,2018-05-01,0.44
489478,2018-05-01,77.56
763548,2018-05-01,285.68
455736,2018-05-01,9.06
746408,2018-05-01,53.85
652594,2018-05-01,55.61
533451,2018-05-01,0
765020,2018-05-01,139.08
374528,2018-05-01,193.71
336706,2018-05-01,39.06
561699,2018-05-01,972.08
736111,2018-05-01,32.57
597148,2018-05-01,802.2
252849,2018-05-01,351.3
668590,2018-05-01,377.68
623819,2018-05-01,134.74
356975,2018-05-01,176.94
354518,2018-05-01,560.75
218298,2018-05-01,112.55
764843,2018-05-01,2.91
522119,2018-05-01,131.71
282290,2018-05-01,52.66
352091,2018-05-01,337.58
706444,2018-05-01,522.27
604509,2018-05-01,53.5
531958,2018-05-01,847.44
705415,2018-05-01,325.31
638463,2018-05-01,209.72
758965,2018-05-01,290.04
512265,2018-05-01,320.5
355927,2018-05-01,168.41
642076,2018-05-01,0
326334,2018-05-01,137.66
594443,2018-05-01,93.97
385469,2018-05-01,350.92
531961,2018-05-01,345.84
610274,2018-05-01,8.05
297893,2018-05-01,985.38
688944,2018-05-01,223.48
690906,2018-05-01,232.99
549162,2018-05-01,308.79
307945,2018-05-01,37.72
420764,2018-05-01,31.15
511942,2018-05-01,275.92
273039,2018-05-01,282.98
642255,2018-05-01,0
724932,2018-05-01,29.66
418784,2018-05-01,408.29
664295,2018-05-01,114.06
792056,2018-05-01,38.2
736575,2018-05-01,0.41
656196,2018-05-01,59.28
604161,2018-05-01,172.52
483904,2018-05-01,79.82
631223,2018-05-01,9.03
511863,2018-05-01,28.85
241395,2018-05-01,4.34
381753,2018-05-01,536.79
410476,2018-05-01,1590.77
229567,2018-05-01,170.47
511083,2018-05-01,38.74
234205,2018-05-01,421.46
369360,2018-05-01,462.63
627314,2018-05-01,66.05
761812,2018-05-01,56
297659,2018-05-01,12.63
471044,2018-05-01,267.92
499439,2018-05-01,1513.05
352334,2018-05-01,0.11
719338,2018-05-01,72.75
612759,2018-05-01,1281.8
323927,2018-05-01,98.32
556513,2018-05-01,495.59
437111,2018-05-01,180.68
416117,2018-05-01,0
785502,2018-05-01,0.6
379004,2018-05-01,641.11
302961,2018-05-01,731.43
610007,2018-05-01,267.89
235831,2018-05-01,1189.88
569465,2018-05-01,32.94
471893,2018-05-01,306.78
206706,2018-05-01,1.79
456252,2018-05-01,34.21
396182,2018-05-01,16.44
484881,2018-05-01,7.45
406156,2018-05-01,547.23
769246,2018-05-01,206.71
617324,2018-05-01,776.83
465772,2018-05-01,688.05
218178,2018-05-01,14
385302,2018-05-01,72.71
749473,2018-05-01,272.57
507159,2018-05-01,113.91
311930,2018-05-01,169.69
646294,2018-05-01,347.3
204532,2018-05-01,159.68
411133,2018-05-01,338.89
412032,2018-05-01,125.04
304004,2018-05-01,1576.97
661187,2018-05-01,36.49
675943,2018-05-01,323.71
712900,2018-05-01,124.58
529269,2018-05-01,6.45
364952,2018-05-01,496
751327,2018-05-01,27.11
712920,2018-05-01,84.93
446529,2018-05-01,42.22
378915,2018-05-01,40.05
661872,2018-05-01,0
449210,2018-05-01,247.42
303903,2018-05-01,0.81
267816,2018-05-01,709.1
504661,2018-05-01,0
450573,2018-05-01,305.14
610058,2018-05-01,683.77
342633,2018-05-01,267.97
582877,2018-05-01,116.09
737206,2018-05-01,863.25
351415,2018-05-01,36.21
452766,2018-05-01,433.93
533357,2018-05-01,450.23
640050,2018-05-01,14.98
666836,2018-05-01,401.61
383457,2018-05-01,1455.43
561943,2018-05-01,65.18
520816,2018-05-01,155.56
263372,2018-05-01,145.46
677514,2018-05-01,118.07
641301,2018-05-01,66.17
590026,2018-05-01,35.89
524953,2018-05-01,54.55
395591,2018-05-01,213.99
578213,2018-05-01,85.03
507410,2018-05-01,856.04
252598,2018-05-01,301.76
376438,2018-05-01,874.66
592222,2018-05-01,6.31
504872,2018-05-01,584.38
720387,2018-05-01,246.8
413426,2018-05-01,173.74
784536,2018-05-01,129.6
203830,2018-05-01,171.38
562269,2018-05-01,103.08
363525,2018-05-01,41.81
525490,2018-05-01,804.16
545414,2018-05-01,111.28
541200,2018-05-01,77.97
758319,2018-05-01,156.56
758899,2018-05-01,55.08
663343,2018-05-01,92.8
518595,2018-05-01,7.28
594190,2018-05-01,147.96
585858,2018-05-01,376.88
544057,2018-05-01,432.34
519086,2018-05-01,32.64
237874,2018-05-01,20.5
510785,2018-05-01,526.77
314616,2018-05-01,53.53
461246,2018-05-01,228.36
570044,2018-05-01,180.22
469776,2018-05-01,2.23
394451,2018-05-01,53.92
326926,2018-05-01,518.88
398018,2018-05-01,768.46
471913,2018-05-01,52.72
249614,2018-05-01,359.74
474943,2018-05-01,642.48
369796,2018-05-01,122.25
276870,2018-05-01,1479.41
398834,2018-05-01,548.37
507663,2018-05-01,451.96
725792,2018-05-01,0
416960,2018-05-01,268.51
457632,2018-05-01,29.17
781241,2018-05-01,623.49
664046,2018-05-01,93.35
758575,2018-05-01,173.28
341727,2018-05-01,0
352931,2018-05-01,1.68
797062,2018-05-01,33.87
756067,2018-05-01,794.96
362457,2018-05-01,853.18
652510,2018-05-01,149.25
752518,2018-05-01,345.77
648263,2018-05-01,45.06
728462,2018-05-01,81.35
226420,2018-05-01,54.93
419139,2018-05-01,58.51
678451,2018-05-01,271.06
265730,2018-05-01,5.24
414869,2018-05-01,6.33
586486,2018-05-01,322.71
217560,2018-05-01,55.68
367645,2018-05-01,345.61
640621,2018-05-01,47.54
784994,2018-05-01,108.33
203845,2018-05-01,1170.42
242842,2018-05-01,313.07
556458,2018-05-01,183.95
603119,2018-05-01,271.47
797973,2018-05-01,291.7
642059,2018-05-01,392.09
372239,2018-05-01,160.11
578681,2018-05-01,120.11
321503,2018-05-01,442.94
381162,2018-05-01,30.6
227490,2018-05-01,671.17
354027,2018-05-01,88.38
603739,2018-05-01,493.26
330975,2018-05-01,140.66
453921,2018-05-01,77.49
628824,2018-05-01,281.54
245206,2018-05-01,440.44
579949,2018-05-01,577.25
770963,2018-05-01,17.12
285221,2018-05-01,424.4
387212,2018-05-01,285.47
654263,2018-05-01,269.89
732221,2018-05-01,746.44
502602,2018-05-01,9.76
621074,2018-05-01,0
731124,2018-05-01,48.18
749035,2018-05-01,87.95
365212,2018-05-01,104.84
246729,2018-05-01,205.8
506301,2018-05-01,327.47
281547,2018-05-01,0
410883,2018-05-01,97.23
559211,2018-05-01,76.45
319602,2018-05-01,332.79
685474,2018-05-01,212.25
282851,2018-05-01,554.59
699794,2018-05-01,62.43
396204,2018-05-01,106.81
359808,2018-05-01,0.02
618026,2018-05-01,387.65
443330,2018-05-01,301.93
299782,2018-05-01,14.28
756371,2018-05-01,5.29
480249,2018-05-01,689.65
699022,2018-05-01,10.18
682021,2018-05-01,497.3
213839,2018-05-01,159.39
391052,2018-05-01,31.77
343463,2018-05-01,1.74
439329,2018-05-01,370.15
210248,2018-05-01,91.38
444063,2018-05-01,898.85
762735,2018-05-01,95.78
475288,2018-05-01,27.53
467466,2018-05-01,2103.01
362920,2018-05-01,1291.43
596472,2018-05-01,852.87
517985,2018-05-01,20.73
734775,2018-05-01,26.73
256554,2018-05-01,0.89
710157,2018-05-01,0.75
504552,2018-05-01,262.74
322315,2018-05-01,168.46
538509,2018-05-01,32.21
704156,2018-05-01,124.64
741621,2018-05-01,127.14
223797,2018-05-01,35.32
473333,2018-05-01,60.35
361495,2018-05-01,0
547910,2018-05-01,0
317028,2018-05-01,208.6
548069,2018-05-01,430.19
577780,2018-05-01,71.09
746024,2018-05-01,22.32
326035,2018-05-01,168.88
626688,2018-05-01,85.97
610055,2018-05-01,231.7
759000,2018-05-01,15.34
341614,2018-05-01,4.87
